ZCR Mean,ZCR Median,ZCR Std Deviasi,ZCR Skewness,ZCR Kurtosis
0.10125054253472222,0.0615234375,0.10812708421937572,2.16873709459773,4.070531441276273
