ZCR Mean,ZCR Median,ZCR Std Deviasi,ZCR Skewness,ZCR Kurtosis
0.17877103365384617,0.112548828125,0.1670996935497271,1.3401381185450434,0.9708801029203422
