ZCR Mean,ZCR Median,ZCR Std Deviasi,ZCR Skewness,ZCR Kurtosis
0.0996141155946602,0.0380859375,0.1618418746447166,2.4348779443351574,4.3883130275575315
