ZCR Mean,ZCR Median,ZCR Std Deviasi,ZCR Skewness,ZCR Kurtosis
0.11424461570945946,0.0849609375,0.12723400312572947,2.824360170905797,7.592755991303813
