ZCR Mean,ZCR Median,ZCR Std Deviasi,ZCR Skewness,ZCR Kurtosis
0.21091505028735633,0.14111328125,0.18187320942719581,1.1985137757857753,0.05517564880831527
