ZCR Mean,ZCR Median,ZCR Std Deviasi,ZCR Skewness,ZCR Kurtosis
0.13427734375,0.06787109375,0.15281908387306184,1.9081639279737337,2.4743419912840823
