ZCR Mean,ZCR Median,ZCR Std Deviasi,ZCR Skewness,ZCR Kurtosis
0.2259002334770115,0.18017578125,0.17300434608143386,1.1568338155617512,0.188412405242659
