ZCR Mean,ZCR Median,ZCR Std Deviasi,ZCR Skewness,ZCR Kurtosis
0.24343907147988506,0.1826171875,0.1657743083553399,1.2960946290806592,0.20144859754615752
