ZCR Mean,ZCR Median,ZCR Std Deviasi,ZCR Skewness,ZCR Kurtosis
0.12269005408653846,0.048095703125,0.168824651442526,2.1746701044016095,3.108400861759499
